,rmse,mean,median,std,min,max,sse
stamped_traj_estimate_icp.txt,470.16423801409434,417.63928298738807,388.2979576638588,215.9440668625889,80.99289846107075,1104.7957990671812,21884386.66003002
