,rmse,mean,median,std,min,max,sse
stamped_traj_estimate_run_9.txt,263.2825365491009,243.6477525639947,220.33544991179718,99.76706231138137,90.08596940715486,547.0871787219615,6931769.405172864
